Workbook

Sheet lista de verificación
A1: ID | B1: Ciclo PHVA | C1: Capítulo | D1: Cláusula | E1: Tema | F1: Requisito resumido (paráfrasis) | G1: Pregunta de auditoría | H1: Evidencia objetiva esperada | I1: Muestra sugerida | J1: Método sugerido | K1: Roles / áreas a entrevistar | L1: Estado | M1: Puntaje | N1: Tipo de hallazgo | O1: Criticidad | P1: Evidencia encontrada | Q1: Análisis / hallazgo | R1: Acción recomendada | S1: Responsable | T1: Fecha compromiso | U1: Requiere acción correctiva | V1: Referencia norma | W1: Fuente | X1: Notas
A2: LV-001 | B2: Contexto / Marco | C2: 4 Contexto de la organización | D2: 4.1 | E2: Contexto interno y externo | F2: La organización identifica los factores internos y externos que pueden afectar el SG-SST y sus resultados previstos. | G2: ¿La organización tiene identificadas y actualizadas las cuestiones internas y externas pertinentes al SG-SST? | H2: Matriz de contexto/DOFA/PESTEL, análisis estratégico, actas de dirección, revisión de cambios relevantes. | I2: Revise matriz/contexto y entreviste a 2-3 responsables de estrategia o SG-SST. | J2: Documental + Entrevista | K2: Alta dirección; responsable SG-SST; planeación/estrategia | L2: No evaluado | M2: =IF(L2="Cumple",1,IF(L2="Cumple parcial",0.5,IF(L2="No cumple",0,""))) | U2: =IF(OR(L2="No cumple",L2="Cumple parcial"),"Sí",IF(L2="Cumple","No","")) | V2: ISO 45001:2018 4.1 | W2: NTC-ISO 45001:2018
A3: LV-002 | B3: Contexto / Marco | C3: 4 Contexto de la organización | D3: 4.1 | E3: Contexto aplicado al SG-SST | F3: El análisis del contexto se usa como insumo para la planificación y mejora del sistema. | G3: ¿Las cuestiones identificadas se reflejan en riesgos, oportunidades, objetivos o decisiones del SG-SST? | H3: Trazabilidad entre matriz de contexto, matriz de riesgos/oportunidades, objetivos, planes y revisión por la dirección. | I3: Revise matriz/contexto y entreviste a 2-3 responsables de estrategia o SG-SST. | J3: Documental + Entrevista | K3: Alta dirección; responsable SG-SST; planeación/estrategia | L3: No evaluado | M3: =IF(L3="Cumple",1,IF(L3="Cumple parcial",0.5,IF(L3="No cumple",0,""))) | U3: =IF(OR(L3="No cumple",L3="Cumple parcial"),"Sí",IF(L3="Cumple","No","")) | V3: ISO 45001:2018 4.1 | W3: NTC-ISO 45001:2018
A4: LV-003 | B4: Contexto / Marco | C4: 4 Contexto de la organización | D4: 4.2 | E4: Partes interesadas | F4: Se identifican trabajadores y otras partes interesadas pertinentes al SG-SST. | G4: ¿La organización identifica a trabajadores y otras partes interesadas que pueden afectar o verse afectadas por el SG-SST? | H4: Matriz de partes interesadas, mapa de stakeholders, caracterización de trabajadores, contratistas, visitantes, autoridades y comunidad. | I4: Revise matriz/contexto y entreviste a 2-3 responsables de estrategia o SG-SST. | J4: Documental + Entrevista | K4: Alta dirección; responsable SG-SST; planeación/estrategia | L4: No evaluado | M4: =IF(L4="Cumple",1,IF(L4="Cumple parcial",0.5,IF(L4="No cumple",0,""))) | U4: =IF(OR(L4="No cumple",L4="Cumple parcial"),"Sí",IF(L4="Cumple","No","")) | V4: ISO 45001:2018 4.2 | W4: NTC-ISO 45001:2018
A5: LV-004 | B5: Contexto / Marco | C5: 4 Contexto de la organización | D5: 4.2 | E5: Necesidades y expectativas | F5: Se determinan necesidades y expectativas pertinentes, incluidas las que se convierten en requisitos legales u otros requisitos. | G5: ¿La organización determina qué necesidades y expectativas son requisitos aplicables para el SG-SST? | H5: Matriz de partes interesadas con necesidades, expectativas, requisitos legales/otros, responsables y mecanismo de seguimiento. | I5: Revise matriz/contexto y entreviste a 2-3 responsables de estrategia o SG-SST. | J5: Documental + Entrevista | K5: Alta dirección; responsable SG-SST; planeación/estrategia | L5: No evaluado | M5: =IF(L5="Cumple",1,IF(L5="Cumple parcial",0.5,IF(L5="No cumple",0,""))) | U5: =IF(OR(L5="No cumple",L5="Cumple parcial"),"Sí",IF(L5="Cumple","No","")) | V5: ISO 45001:2018 4.2 | W5: NTC-ISO 45001:2018
A6: LV-005 | B6: Contexto / Marco | C6: 4 Contexto de la organización | D6: 4.3 | E6: Alcance del SG-SST | F6: El alcance define límites y aplicabilidad del SG-SST considerando contexto, partes interesadas y actividades de trabajo. | G6: ¿El alcance del SG-SST está definido, justificado y considera cuestiones internas/externas, partes interesadas y actividades relacionadas con el trabajo? | H6: Declaración de alcance, mapa de procesos, sedes, actividades, productos/servicios bajo control o influencia. | I6: Revise matriz/contexto y entreviste a 2-3 responsables de estrategia o SG-SST. | J6: Documental + Entrevista | K6: Alta dirección; responsable SG-SST; planeación/estrategia | L6: No evaluado | M6: =IF(L6="Cumple",1,IF(L6="Cumple parcial",0.5,IF(L6="No cumple",0,""))) | U6: =IF(OR(L6="No cumple",L6="Cumple parcial"),"Sí",IF(L6="Cumple","No","")) | V6: ISO 45001:2018 4.3 | W6: NTC-ISO 45001:2018
A7: LV-006 | B7: Contexto / Marco | C7: 4 Contexto de la organización | D7: 4.3 | E7: Alcance documentado y disponible | F7: El alcance incluye actividades, productos y servicios bajo control o influencia que impactan el desempeño de SST y está disponible como información documentada. | G7: ¿El alcance está documentado, disponible y cubre actividades bajo control o influencia de la organización? | H7: Documento de alcance, manual o información documentada; evidencias de comunicación/disponibilidad. | I7: Revise matriz/contexto y entreviste a 2-3 responsables de estrategia o SG-SST. | J7: Documental + Entrevista | K7: Alta dirección; responsable SG-SST; planeación/estrategia | L7: No evaluado | M7: =IF(L7="Cumple",1,IF(L7="Cumple parcial",0.5,IF(L7="No cumple",0,""))) | U7: =IF(OR(L7="No cumple",L7="Cumple parcial"),"Sí",IF(L7="Cumple","No","")) | V7: ISO 45001:2018 4.3 | W7: NTC-ISO 45001:2018
A8: LV-007 | B8: Contexto / Marco | C8: 4 Contexto de la organización | D8: 4.4 | E8: Sistema de gestión de la SST | F8: Se establece, implementa, mantiene y mejora el SG-SST, incluidos sus procesos e interacciones. | G8: ¿La organización evidencia procesos definidos, interacción entre ellos y mejora continua del SG-SST? | H8: Mapa de procesos SG-SST, procedimientos, indicadores, responsabilidades, ciclo PHVA, registros de seguimiento y mejora. | I8: Revise matriz/contexto y entreviste a 2-3 responsables de estrategia o SG-SST. | J8: Documental + Entrevista | K8: Alta dirección; responsable SG-SST; planeación/estrategia | L8: No evaluado | M8: =IF(L8="Cumple",1,IF(L8="Cumple parcial",0.5,IF(L8="No cumple",0,""))) | U8: =IF(OR(L8="No cumple",L8="Cumple parcial"),"Sí",IF(L8="Cumple","No","")) | V8: ISO 45001:2018 4.4 | W8: NTC-ISO 45001:2018
A9: LV-008 | B9: Liderazgo transversal | C9: 5 Liderazgo y participación | D9: 5.1 | E9: Rendición de cuentas de la alta dirección | F9: La alta dirección asume responsabilidad y rendición de cuentas por la prevención de lesiones/deterioro de la salud y por lugares de trabajo seguros. | G9: ¿La alta dirección demuestra responsabilidad activa y rendición de cuentas por los resultados de SST? | H9: Actas, objetivos, recursos aprobados, seguimiento de indicadores, participación en comités, decisiones sobre incidentes y controles. | I9: Entreviste alta dirección y trabajadores; contraste política, actas, comunicaciones y recursos. | J9: Entrevista + Documental | K9: Alta dirección; líderes de proceso; COPASST/representantes; trabajadores | L9: No evaluado | M9: =IF(L9="Cumple",1,IF(L9="Cumple parcial",0.5,IF(L9="No cumple",0,""))) | U9: =IF(OR(L9="No cumple",L9="Cumple parcial"),"Sí",IF(L9="Cumple","No","")) | V9: ISO 45001:2018 5.1 | W9: NTC-ISO 45001:2018
A10: LV-009 | B10: Liderazgo transversal | C10: 5 Liderazgo y participación | D10: 5.1 | E10: Política y objetivos alineados | F10: La alta dirección asegura que política y objetivos de SST sean compatibles con la dirección estratégica. | G10: ¿La política y los objetivos de SST están alineados con la estrategia y prioridades del negocio? | H10: Política, objetivos, plan estratégico, metas de SST, revisión por la dirección. | I10: Entreviste alta dirección y trabajadores; contraste política, actas, comunicaciones y recursos. | J10: Entrevista + Documental | K10: Alta dirección; líderes de proceso; COPASST/representantes; trabajadores | L10: No evaluado | M10: =IF(L10="Cumple",1,IF(L10="Cumple parcial",0.5,IF(L10="No cumple",0,""))) | U10: =IF(OR(L10="No cumple",L10="Cumple parcial"),"Sí",IF(L10="Cumple","No","")) | V10: ISO 45001:2018 5.1 | W10: NTC-ISO 45001:2018
A11: LV-010 | B11: Liderazgo transversal | C11: 5 Liderazgo y participación | D11: 5.1 | E11: Integración en procesos de negocio | F11: Los requisitos del SG-SST se integran en los procesos de negocio. | G11: ¿Los procesos operativos, compras, talento humano, mantenimiento y gestión del cambio incorporan requisitos de SST? | H11: Procedimientos de procesos, flujogramas, criterios de SST en compras/cambios/proyectos/contratación. | I11: Entreviste alta dirección y trabajadores; contraste política, actas, comunicaciones y recursos. | J11: Entrevista + Documental | K11: Alta dirección; líderes de proceso; COPASST/representantes; trabajadores | L11: No evaluado | M11: =IF(L11="Cumple",1,IF(L11="Cumple parcial",0.5,IF(L11="No cumple",0,""))) | U11: =IF(OR(L11="No cumple",L11="Cumple parcial"),"Sí",IF(L11="Cumple","No","")) | V11: ISO 45001:2018 5.1 | W11: NTC-ISO 45001:2018
A12: LV-011 | B12: Liderazgo transversal | C12: 5 Liderazgo y participación | D12: 5.1 | E12: Disponibilidad de recursos | F12: La alta dirección asegura recursos para establecer, implementar, mantener y mejorar el SG-SST. | G12: ¿Se asignan recursos suficientes y oportunos para operar y mejorar el SG-SST? | H12: Presupuesto, plan anual, personal asignado, equipos, formación, tecnología, seguimiento de ejecución. | I12: Entreviste alta dirección y trabajadores; contraste política, actas, comunicaciones y recursos. | J12: Entrevista + Documental | K12: Alta dirección; líderes de proceso; COPASST/representantes; trabajadores | L12: No evaluado | M12: =IF(L12="Cumple",1,IF(L12="Cumple parcial",0.5,IF(L12="No cumple",0,""))) | U12: =IF(OR(L12="No cumple",L12="Cumple parcial"),"Sí",IF(L12="Cumple","No","")) | V12: ISO 45001:2018 5.1 | W12: NTC-ISO 45001:2018
A13: LV-012 | B13: Liderazgo transversal | C13: 5 Liderazgo y participación | D13: 5.1 | E13: Comunicación y resultados previstos | F13: La alta dirección comunica la importancia de la gestión de SST y asegura que el SG-SST logre resultados previstos. | G13: ¿La dirección comunica expectativas de SST y verifica que el sistema logre sus resultados? | H13: Comunicaciones internas, campañas, reuniones, indicadores, informes de desempeño y decisiones tomadas. | I13: Entreviste alta dirección y trabajadores; contraste política, actas, comunicaciones y recursos. | J13: Entrevista + Documental | K13: Alta dirección; líderes de proceso; COPASST/representantes; trabajadores | L13: No evaluado | M13: =IF(L13="Cumple",1,IF(L13="Cumple parcial",0.5,IF(L13="No cumple",0,""))) | U13: =IF(OR(L13="No cumple",L13="Cumple parcial"),"Sí",IF(L13="Cumple","No","")) | V13: ISO 45001:2018 5.1 | W13: NTC-ISO 45001:2018
... A148: LV-147 | B148: Actuar | C148: 10 Mejora | D148: 10.3 | E148: Comunicación y evidencia de mejora | F148: Se comunican resultados de mejora continua y se mantiene/conserva información documentada como evidencia. | G148: ¿Los resultados de mejora se comunican y se conserva evidencia de acciones y resultados? | H148: Comunicados, actas, registros de mejora, indicadores, lecciones aprendidas. | I148: Muestree incidentes, no conformidades, acciones correctivas y evidencias de mejora. | J148: Documental + Entrevista + Muestreo | K148: Responsable SG-SST; investigación de incidentes; líderes; alta dirección; COPASST | L148: No evaluado | M148: =IF(L148="Cumple",1,IF(L148="Cumple parcial",0.5,IF(L148="No cumple",0,""))) | U148: =IF(OR(L148="No cumple",L148="Cumple parcial"),"Sí",IF(L148="Cumple","No","")) | V148: ISO 45001:2018 10.3 | W148: NTC-ISO 45001:2018

Sheet Instrucciones
A1: Lista de verificación de auditoría ISO 45001:2018 asistida con IA
A2: Fecha de creación: 2026-06-17
A4: Objetivo
A5: Usar esta matriz como guía de auditoría para Sistemas de Gestión de Seguridad y Salud en el Trabajo (SST) bajo ISO 45001:2018. La lista está parafraseada para facilitar su uso en entrevistas, revisión documental, observación y muestreo, y no sustituye la lectura de la norma.
A7: Cómo usar
A8: 1. Filtre por capítulo, cláusula, método o rol para planear la auditoría.
A9: 2. Para cada fila, solicite evidencia objetiva y registre el estado: Cumple, Cumple parcial, No cumple, No aplica o No evaluado.
A10: 3. Use la columna 'Prompt IA sugerido' para analizar evidencia con IA. La IA debe trabajar solo con la evidencia suministrada y señalar incertidumbre.
A11: 4. Registre evidencia encontrada, análisis/hallazgo, acción recomendada, responsable y fecha compromiso.
A12: 5. Revise la hoja 'Resumen' para visualizar avance, conformidad y focos por capítulo.
A14: Escala sugerida
A15: Cumple = 1, Cumple parcial = 0,5, No cumple = 0. No aplica y No evaluado no se incluyen en el cálculo de conformidad.
... A20: Observación / oportunidad de mejora: evidencia de debilidad, riesgo emergente o práctica mejorable sin incumplimiento confirmado.

Sheet Resumen
A1: Resumen de auditoría ISO 45001:2018
A3: Total de criterios | B3: =COUNTA('lista de verificación'!$A$2:$A$148) -> 147 | D3: Capítulo | E3: Preguntas | F3: Evaluadas | G3: Cumple | H3: Parcial | I3: No cumple | J3: No aplica | K3: % conformidad
A4: Criterios evaluados | B4: =COUNTIF('lista de verificación'!$L$2:$L$148,"Cumple")+COUNTIF('lista de verificación'!$L$2:$L$148,"Cumple parcial")+COUNTIF('lista de verificación'!$L$2:$L$148,"No cumple")+COUNTIF('lista de verificación'!$L$2:$L$148,"No aplica") -> 0 | D4: 4 Contexto de la organización | E4: =COUNTIF('lista de verificación'!$C$2:$C$148,D4) -> 7 | F4: =COUNTIFS('lista de verificación'!$C$2:$C$148,D4,'lista de verificación'!$L$2:$L$148,"Cumple")+COUNTIFS('lista de verificación'!$C$2:$C$148,D4,'lista de verificación'!$L$2:$L$148,"Cumple parcial")+COUNTIFS('lista de verificación'!$C$2:$C$148,D4,'lista de verificación'!$L$2:$L$148,"No cumple")+COUNTIFS('lista de verificación'!$C$2:$C$148,D4,'lista de verificación'!$L$2:$L$148,"No aplica") -> 0 | G4: =COUNTIFS('lista de verificación'!$C$2:$C$148,D4,'lista de verificación'!$L$2:$L$148,"Cumple") -> 0 | H4: =COUNTIFS('lista de verificación'!$C$2:$C$148,D4,'lista de verificación'!$L$2:$L$148,"Cumple parcial") -> 0 | I4: =COUNTIFS('lista de verificación'!$C$2:$C$148,D4,'lista de verificación'!$L$2:$L$148,"No cumple") -> 0 | J4: =COUNTIFS('lista de verificación'!$C$2:$C$148,D4,'lista de verificación'!$L$2:$L$148,"No aplica") -> 0 | K4: =IFERROR(SUMIFS('lista de verificación'!$M$2:$M$148,'lista de verificación'!$C$2:$C$148,D4)/COUNTIFS('lista de verificación'!$C$2:$C$148,D4,'lista de verificación'!$M$2:$M$148,">=0"),0) -> 0
A5: Pendientes / sin evaluar | B5: =COUNTIF('lista de verificación'!$L$2:$L$148,"No evaluado")+COUNTBLANK('lista de verificación'!$L$2:$L$148) -> 147 | D5: 5 Liderazgo y participación | E5: =COUNTIF('lista de verificación'!$C$2:$C$148,D5) -> 21 | F5: =COUNTIFS('lista de verificación'!$C$2:$C$148,D5,'lista de verificación'!$L$2:$L$148,"Cumple")+COUNTIFS('lista de verificación'!$C$2:$C$148,D5,'lista de verificación'!$L$2:$L$148,"Cumple parcial")+COUNTIFS('lista de verificación'!$C$2:$C$148,D5,'lista de verificación'!$L$2:$L$148,"No cumple")+COUNTIFS('lista de verificación'!$C$2:$C$148,D5,'lista de verificación'!$L$2:$L$148,"No aplica") -> 0 | G5: =COUNTIFS('lista de verificación'!$C$2:$C$148,D5,'lista de verificación'!$L$2:$L$148,"Cumple") -> 0 | H5: =COUNTIFS('lista de verificación'!$C$2:$C$148,D5,'lista de verificación'!$L$2:$L$148,"Cumple parcial") -> 0 | I5: =COUNTIFS('lista de verificación'!$C$2:$C$148,D5,'lista de verificación'!$L$2:$L$148,"No cumple") -> 0 | J5: =COUNTIFS('lista de verificación'!$C$2:$C$148,D5,'lista de verificación'!$L$2:$L$148,"No aplica") -> 0 | K5: =IFERROR(SUMIFS('lista de verificación'!$M$2:$M$148,'lista de verificación'!$C$2:$C$148,D5)/COUNTIFS('lista de verificación'!$C$2:$C$148,D5,'lista de verificación'!$M$2:$M$148,">=0"),0) -> 0
A6: % avance de auditoría | B6: =IFERROR(B4/B3,0) -> 0 | D6: 6 Planificación | E6: =COUNTIF('lista de verificación'!$C$2:$C$148,D6) -> 32 | F6: =COUNTIFS('lista de verificación'!$C$2:$C$148,D6,'lista de verificación'!$L$2:$L$148,"Cumple")+COUNTIFS('lista de verificación'!$C$2:$C$148,D6,'lista de verificación'!$L$2:$L$148,"Cumple parcial")+COUNTIFS('lista de verificación'!$C$2:$C$148,D6,'lista de verificación'!$L$2:$L$148,"No cumple")+COUNTIFS('lista de verificación'!$C$2:$C$148,D6,'lista de verificación'!$L$2:$L$148,"No aplica") -> 0 | G6: =COUNTIFS('lista de verificación'!$C$2:$C$148,D6,'lista de verificación'!$L$2:$L$148,"Cumple") -> 0 | H6: =COUNTIFS('lista de verificación'!$C$2:$C$148,D6,'lista de verificación'!$L$2:$L$148,"Cumple parcial") -> 0 | I6: =COUNTIFS('lista de verificación'!$C$2:$C$148,D6,'lista de verificación'!$L$2:$L$148,"No cumple") -> 0 | J6: =COUNTIFS('lista de verificación'!$C$2:$C$148,D6,'lista de verificación'!$L$2:$L$148,"No aplica") -> 0 | K6: =IFERROR(SUMIFS('lista de verificación'!$M$2:$M$148,'lista de verificación'!$C$2:$C$148,D6)/COUNTIFS('lista de verificación'!$C$2:$C$148,D6,'lista de verificación'!$M$2:$M$148,">=0"),0) -> 0
A7: % conformidad evaluada | B7: =IFERROR(SUM('lista de verificación'!$M$2:$M$148)/COUNT('lista de verificación'!$M$2:$M$148),0) -> 0 | D7: 7 Apoyo | E7: =COUNTIF('lista de verificación'!$C$2:$C$148,D7) -> 23 | F7: =COUNTIFS('lista de verificación'!$C$2:$C$148,D7,'lista de verificación'!$L$2:$L$148,"Cumple")+COUNTIFS('lista de verificación'!$C$2:$C$148,D7,'lista de verificación'!$L$2:$L$148,"Cumple parcial")+COUNTIFS('lista de verificación'!$C$2:$C$148,D7,'lista de verificación'!$L$2:$L$148,"No cumple")+COUNTIFS('lista de verificación'!$C$2:$C$148,D7,'lista de verificación'!$L$2:$L$148,"No aplica") -> 0 | G7: =COUNTIFS('lista de verificación'!$C$2:$C$148,D7,'lista de verificación'!$L$2:$L$148,"Cumple") -> 0 | H7: =COUNTIFS('lista de verificación'!$C$2:$C$148,D7,'lista de verificación'!$L$2:$L$148,"Cumple parcial") -> 0 | I7: =COUNTIFS('lista de verificación'!$C$2:$C$148,D7,'lista de verificación'!$L$2:$L$148,"No cumple") -> 0 | J7: =COUNTIFS('lista de verificación'!$C$2:$C$148,D7,'lista de verificación'!$L$2:$L$148,"No aplica") -> 0 | K7: =IFERROR(SUMIFS('lista de verificación'!$M$2:$M$148,'lista de verificación'!$C$2:$C$148,D7)/COUNTIFS('lista de verificación'!$C$2:$C$148,D7,'lista de verificación'!$M$2:$M$148,">=0"),0) -> 0
A8: No conformidades + parciales | B8: =COUNTIF('lista de verificación'!$L$2:$L$148,"No cumple")+COUNTIF('lista de verificación'!$L$2:$L$148,"Cumple parcial") -> 0 | D8: 8 Operación | E8: =COUNTIF('lista de verificación'!$C$2:$C$148,D8) -> 24 | F8: =COUNTIFS('lista de verificación'!$C$2:$C$148,D8,'lista de verificación'!$L$2:$L$148,"Cumple")+COUNTIFS('lista de verificación'!$C$2:$C$148,D8,'lista de verificación'!$L$2:$L$148,"Cumple parcial")+COUNTIFS('lista de verificación'!$C$2:$C$148,D8,'lista de verificación'!$L$2:$L$148,"No cumple")+COUNTIFS('lista de verificación'!$C$2:$C$148,D8,'lista de verificación'!$L$2:$L$148,"No aplica") -> 0 | G8: =COUNTIFS('lista de verificación'!$C$2:$C$148,D8,'lista de verificación'!$L$2:$L$148,"Cumple") -> 0 | H8: =COUNTIFS('lista de verificación'!$C$2:$C$148,D8,'lista de verificación'!$L$2:$L$148,"Cumple parcial") -> 0 | I8: =COUNTIFS('lista de verificación'!$C$2:$C$148,D8,'lista de verificación'!$L$2:$L$148,"No cumple") -> 0 | J8: =COUNTIFS('lista de verificación'!$C$2:$C$148,D8,'lista de verificación'!$L$2:$L$148,"No aplica") -> 0 | K8: =IFERROR(SUMIFS('lista de verificación'!$M$2:$M$148,'lista de verificación'!$C$2:$C$148,D8)/COUNTIFS('lista de verificación'!$C$2:$C$148,D8,'lista de verificación'!$M$2:$M$148,">=0"),0) -> 0
D9: 9 Evaluación del desempeño | E9: =COUNTIF('lista de verificación'!$C$2:$C$148,D9) -> 27 | F9: =COUNTIFS('lista de verificación'!$C$2:$C$148,D9,'lista de verificación'!$L$2:$L$148,"Cumple")+COUNTIFS('lista de verificación'!$C$2:$C$148,D9,'lista de verificación'!$L$2:$L$148,"Cumple parcial")+COUNTIFS('lista de verificación'!$C$2:$C$148,D9,'lista de verificación'!$L$2:$L$148,"No cumple")+COUNTIFS('lista de verificación'!$C$2:$C$148,D9,'lista de verificación'!$L$2:$L$148,"No aplica") -> 0 | G9: =COUNTIFS('lista de verificación'!$C$2:$C$148,D9,'lista de verificación'!$L$2:$L$148,"Cumple") -> 0 | H9: =COUNTIFS('lista de verificación'!$C$2:$C$148,D9,'lista de verificación'!$L$2:$L$148,"Cumple parcial") -> 0 | I9: =COUNTIFS('lista de verificación'!$C$2:$C$148,D9,'lista de verificación'!$L$2:$L$148,"No cumple") -> 0 | J9: =COUNTIFS('lista de verificación'!$C$2:$C$148,D9,'lista de verificación'!$L$2:$L$148,"No aplica") -> 0 | K9: =IFERROR(SUMIFS('lista de verificación'!$M$2:$M$148,'lista de verificación'!$C$2:$C$148,D9)/COUNTIFS('lista de verificación'!$C$2:$C$148,D9,'lista de verificación'!$M$2:$M$148,">=0"),0) -> 0
A10: Estado | B10: Cantidad | D10: 10 Mejora | E10: =COUNTIF('lista de verificación'!$C$2:$C$148,D10) -> 13 | F10: =COUNTIFS('lista de verificación'!$C$2:$C$148,D10,'lista de verificación'!$L$2:$L$148,"Cumple")+COUNTIFS('lista de verificación'!$C$2:$C$148,D10,'lista de verificación'!$L$2:$L$148,"Cumple parcial")+COUNTIFS('lista de verificación'!$C$2:$C$148,D10,'lista de verificación'!$L$2:$L$148,"No cumple")+COUNTIFS('lista de verificación'!$C$2:$C$148,D10,'lista de verificación'!$L$2:$L$148,"No aplica") -> 0 | G10: =COUNTIFS('lista de verificación'!$C$2:$C$148,D10,'lista de verificación'!$L$2:$L$148,"Cumple") -> 0 | H10: =COUNTIFS('lista de verificación'!$C$2:$C$148,D10,'lista de verificación'!$L$2:$L$148,"Cumple parcial") -> 0 | I10: =COUNTIFS('lista de verificación'!$C$2:$C$148,D10,'lista de verificación'!$L$2:$L$148,"No cumple") -> 0 | J10: =COUNTIFS('lista de verificación'!$C$2:$C$148,D10,'lista de verificación'!$L$2:$L$148,"No aplica") -> 0 | K10: =IFERROR(SUMIFS('lista de verificación'!$M$2:$M$148,'lista de verificación'!$C$2:$C$148,D10)/COUNTIFS('lista de verificación'!$C$2:$C$148,D10,'lista de verificación'!$M$2:$M$148,">=0"),0) -> 0
A11: Cumple | B11: =COUNTIF('lista de verificación'!$L$2:$L$148,A11) -> 0
A12: Cumple parcial | B12: =COUNTIF('lista de verificación'!$L$2:$L$148,A12) -> 0
A13: No cumple | B13: =COUNTIF('lista de verificación'!$L$2:$L$148,A13) -> 0
A14: No aplica | B14: =COUNTIF('lista de verificación'!$L$2:$L$148,A14) -> 0
A15: No evaluado | B15: =COUNTIF('lista de verificación'!$L$2:$L$148,A15) -> 147

Sheet Catalogos
A1: Estado | B1: Tipo de hallazgo | C1: Criticidad | D1: Método | E1: Sí/No
A2: No evaluado | B2: Sin hallazgo | C2: Alta | D2: Documental | E2: Sí
A3: Cumple | B3: Observación | C3: Media | D3: Entrevista | E3: No
A4: Cumple parcial | B4: Oportunidad de mejora | C4: Baja | D4: Observación
A5: No cumple | B5: No conformidad menor | C5: No aplica | D5: Muestreo
A6: No aplica | B6: No conformidad mayor | D6: Documental + Entrevista
D7: Documental + Muestreo
D8: Observación + Documental + Muestreo
D9: Documental + Entrevista + Muestreo

Sheet Fuentes_Notas
A1: Fuentes y notas
A3: Fuente principal | B3: NTC-ISO 45001:2018 / ISO 45001:2018 (archivo PDF cargado por el usuario)
A4: Base de diseño | B4: La hoja se estructura en capítulos 4 a 10 porque la norma los presenta como requisitos para evaluar conformidad del SG-SST.
A5: Uso de la palabra 'debe' | B5: En la norma, 'debe' indica requisito; la matriz convierte esos requisitos en preguntas de auditoría y evidencias esperadas.
A6: Derechos de autor | B6: La lista está elaborada como paráfrasis operativa y checklist de auditoría; no reproduce ni sustituye el texto completo de la norma.
A7: Alcance | B7: Aplicable a auditorías internas, de segunda parte, autoevaluaciones o preparación para auditoría de certificación, ajustando muestra y criterios legales al contexto de la organización.
A8: Recomendación | B8: Complemente esta matriz con requisitos legales del país/sector, requisitos contractuales, matriz de peligros y procedimientos internos.
